id,brand,model,year,price,mileage,fuel,location,color,color_group,source,url,crawl_date
1,Other,Other,2027,271060000,0,Điện,Tp.Hcm,Đỏ,Đỏ,chotot,https://www.chotot.com/130161252.htm,2026-01-09
2,Vinfast,Vf 5,2027,469970000,326,Điện,Hà Nội,Trắng,Trắng,chotot,https://www.chotot.com/129749326.htm,2026-01-09
3,Vinfast,Limo,2027,704000000,7,Điện,Tp.Hcm,Đỏ,Đỏ,chotot,https://www.chotot.com/123549450.htm,2026-01-09
4,Ford,Territory,2026,682000000,0,Xăng,Hà Nội,Trắng,Trắng,bonbanh,https://bonbanh.com/xe-ford-territory-trend-1.5-at-2026-6525384,2026-01-09
5,Lexus,Rx,2026,3500000000,0,Hybrid,Hà Nội,Bạc,Bạc,bonbanh,https://bonbanh.com/xe-lexus-rx-350h-premium-2026-6606025,2026-01-09
6,Vinfast,Vf 3,2025,262000000,0,Điện,Hà Nội,Đỏ,Đỏ,bonbanh,https://bonbanh.com/xe-vinfast-vf3-plus-2025-6455666,2026-01-09
7,Vinfast,Vf 5,2025,482000000,0,Điện,Tp.Hcm,Đỏ,Đỏ,chotot,https://www.chotot.com/130179101.htm,2026-01-09
8,Vinfast,Vf 5,2025,497000000,0,Điện,Tp.Hcm,Đỏ,Đỏ,chotot,https://www.chotot.com/130180058.htm,2026-01-09
9,Kia,New,2025,579000000,0,Xăng,Tp.Hcm,Trắng,Trắng,chotot,https://www.chotot.com/116012605.htm,2026-01-09
10,Mitsubishi,Xpander Cross,2025,610000000,0,Xăng,Hà Nội,Trắng,Trắng,bonbanh,https://bonbanh.com/xe-mitsubishi-xpander-cross-1.5-at-2025-6445681,2026-01-09
11,Vinfast,Vf 6,2025,620000000,0,Điện,Hà Nội,Trắng,Trắng,bonbanh,https://bonbanh.com/xe-vinfast-vf6-eco-2025-6523622,2026-01-09
12,Other,Other,2025,660000000,600,Điện,Tp.Hcm,Đỏ,Đỏ,chotot,https://www.chotot.com/129395080.htm,2026-01-09
13,Other,Other,2025,665000000,3000,Điện,Tp.Hcm,Trắng,Trắng,chotot,https://www.chotot.com/129584349.htm,2026-01-09
14,Byd,Atto,2025,669000000,500000,Điện,Tp.Hcm,Đỏ,Đỏ,chotot,https://www.chotot.com/127891633.htm,2026-01-09
15,Vinfast,Limo,2025,719000000,0,Điện,Quảng Ninh,Trắng,Trắng,bonbanh,https://bonbanh.com/xe-vinfast-limo-green-at-2025-6143146,2026-01-09
16,Ford,Ranger,2025,721000000,0,Dầu,Hà Nội,Trắng,Trắng,bonbanh,https://bonbanh.com/xe-ford-ranger-xls-2.0l-4x4-at-2025-4879179,2026-01-09
17,Mazda,Cx 30,2025,729000000,0,Điện,Tp.Hcm,Đỏ,Đỏ,chotot,https://www.chotot.com/130179977.htm,2026-01-09
18,Toyota,Innova,2025,730000000,0,Xăng,Hà Nội,Trắng,Trắng,bonbanh,https://bonbanh.com/xe-toyota-innova-cross-2.0g-cvt-2025-6555849,2026-01-09
19,Mazda,Cx 5,2025,739000000,1000,Xăng,Khác,Trắng,Trắng,bonbanh,https://bonbanh.com/xe-mazda-cx5-deluxe-2.0-at-2025-6509784,2026-01-09
20,Ford,Territory,2025,770000000,0,Xăng,Hà Nội,Xám,Xám,bonbanh,https://bonbanh.com/xe-ford-territory-titanium-1.5-at-2025-6571288,2026-01-09
21,Mazda,Cx 5,2025,776000000,0,Xăng,Hà Nội,Trắng,Trắng,bonbanh,https://bonbanh.com/xe-mazda-cx5-premium-2.0-at-2025-6241734,2026-01-09
22,Mazda,Cx 5,2025,814000000,0,Điện,Tp.Hcm,Trắng,Trắng,chotot,https://www.chotot.com/130180066.htm,2026-01-09
23,Mazda,Cx 5,2025,820000000,29000,Điện,Hải Phòng,Đỏ,Đỏ,bonbanh,https://bonbanh.com/xe-mazda-cx5-premium-sport-2.0-at-2025-6591928,2026-01-09
24,Hyundai,Tucson,2025,956000000,1600,Điện,Tp.Hcm,Trắng,Trắng,chotot,https://www.chotot.com/129999091.htm,2026-01-09
25,Ford,Everest,2025,1010000000,0,Điện,Hà Nội,Trắng,Trắng,bonbanh,https://bonbanh.com/xe-ford-everest-ambiente-2.0l-4x2-at-2025-4898516,2026-01-09
26,Honda,Cr V,2025,1099000000,0,Điện,Tp.Hcm,Đỏ,Đỏ,chotot,https://www.chotot.com/128782382.htm,2026-01-09
27,Ford,Ranger Raptor,2025,1299000000,0,Dầu,Hà Nội,Đen,Đen,bonbanh,https://bonbanh.com/xe-ford-ranger-raptor-2.0l-4x4-at-2025-6563871,2026-01-09
28,Volkswagen,Viloran,2025,2239000000,7399,Xăng,Tp.Hcm,Unknown,Khác,otocomvn,https://oto.com.vn/mua-ban-xe-volkswagen-viloran-hcm/luxury-sieu-luot-7399km-cuc-dep-aidxc23397425,2026-01-09
29,Mercedes-Benz,E Class,2025,2449000000,0,Hybrid,Tp.Hcm,Trắng,Trắng,bonbanh,https://bonbanh.com/xe-mercedes_benz-e_class-e200-avantgarde-2025-6293776,2026-01-09
30,Toyota,Land Cruiser,2025,4580000000,0,Xăng,Hà Nội,Trắng,Trắng,bonbanh,https://bonbanh.com/xe-toyota-land_cruiser-3.5-v6-2025-5720090,2026-01-09
31,Lexus,Lx,2025,10086000000,9600,Xăng,Hà Nội,Unknown,Khác,otocomvn,https://oto.com.vn/mua-ban-xe-lexus-lx-600-ha-noi/ban-4-ghe-vip-san-xe-giao-ngay-aidxc23387290,2026-01-09
32,Vinfast,Vf 3,2024,215000000,1,Điện,Tp.Hcm,Trắng,Trắng,chotot,https://www.chotot.com/130179391.htm,2026-01-09
33,Mitsubishi,Attrage,2024,392000000,20000,Xăng,Hưng Yên,Hồng,Khác,otocomvn,https://oto.com.vn/mua-ban-xe-mitsubishi-attrage-hung-yen/san-ho-so-ban-giao-xe-dep-bao-duong-chinh-hang-aidxc23398337,2026-01-09
34,Vinfast,Vf 5,2024,445000000,25000,Điện,Bình Dương,Unknown,Khác,otocomvn,https://oto.com.vn/mua-ban-xe-vinfast-vf5-binh-duong/gia-ca-thuong-luong-aidxc23395071,2026-01-09
35,Toyota,Vios,2024,445000000,5000,Xăng,Khác,Unknown,Khác,otocomvn,https://oto.com.vn/mua-ban-xe-toyota-vios-phu-yen/15-e-cvt-2024-aidxc23399451,2026-01-09
36,Hyundai,Accent,2024,448000000,0,Xăng,Hưng Yên,Đỏ,Đỏ,bonbanh,https://bonbanh.com/xe-hyundai-accent-1.4-at-2024-6495717,2026-01-09
37,Hyundai,Venue,2024,515000000,26000,Xăng,Đà Nẵng,Trắng,Trắng,bonbanh,https://bonbanh.com/xe-hyundai-venue-1.0-t-gdi-dac-biet-2024-6605030,2026-01-09
38,Kia,Sonet,2024,569000000,17000,Xăng,Hà Nội,Trắng,Trắng,bonbanh,https://bonbanh.com/xe-kia-sonet-luxury-1.5-at-2024-6614547,2026-01-09
39,Mitsubishi,Xpander,2024,579000000,39000,Xăng,Khác,Cam,Khác,otocomvn,https://oto.com.vn/mua-ban-xe-mitsubishi-xpander-hoa-binh/du-ho-so-sang-ten-tai-ha-noi-cam-ket-bao-hanh-aidxc23400094,2026-01-09
40,Hyundai,Creta,2024,599000000,58000,Điện,Tp.Hcm,Trắng,Trắng,bonbanh,https://bonbanh.com/xe-hyundai-creta-dac-biet-1.5-at-2024-6589501,2026-01-09
41,Ford,Transit,2024,650000000,50000,Điện,Tp.Hcm,Đỏ,Đỏ,chotot,https://www.chotot.com/130180357.htm,2026-01-09
42,Mazda,3,2024,675000000,4000,Xăng,Tp.Hcm,Đỏ,Đỏ,bonbanh,https://bonbanh.com/xe-mazda-3-1.5l-sport-premium-2024-6605807,2026-01-09
43,Toyota,Innova,2024,810000000,36000,Điện,Hà Nội,Trắng,Trắng,chotot,https://www.chotot.com/129962893.htm,2026-01-09
44,Hyundai,Custin,2024,895000000,41000,Xăng,Hưng Yên,Trắng,Trắng,bonbanh,https://bonbanh.com/xe-hyundai-custin-cao-cap-2.0t-2024-6570643,2026-01-09
45,Other,Other,2024,965000000,5000,Điện,Tp.Hcm,Trắng,Trắng,chotot,https://www.chotot.com/130122851.htm,2026-01-09
46,Ford,Ranger Raptor,2024,1135000000,54200,Dầu,Tp.Hcm,Trắng,Trắng,bonbanh,https://bonbanh.com/xe-ford-ranger-raptor-2.0l-4x4-at-2024-6562835,2026-01-09
47,Honda,Crv,2024,1199000000,12400,Điện,Tp.Hcm,Trắng,Trắng,chotot,https://www.chotot.com/129491464.htm,2026-01-09
48,Mitsubishi,Pajero Sport,2024,1310000000,0,Dầu,Hà Nội,Bạc,Bạc,bonbanh,https://bonbanh.com/xe-mitsubishi-pajero-sport-3.0g-4x4-at-premium-2024-6347821,2026-01-09
49,Bmw,3 Series,2024,1479000000,10000,Điện,Hà Nội,Trắng,Trắng,bonbanh,https://bonbanh.com/xe-bmw-3_series-320i-sport-line-2024-6548762,2026-01-09
50,Bmw,3 Series,2024,1799000000,100,Xăng,Tp.Hcm,Trắng,Trắng,bonbanh,https://bonbanh.com/xe-bmw-3_series-330i-m-sport-2024-6303360,2026-01-09
51,Volkswagen,Viloran,2024,1950000000,3,Điện,Tp.Hcm,Đỏ,Đỏ,chotot,https://www.chotot.com/130179712.htm,2026-01-09
52,Mercedes-Benz,Glc,2024,1999000000,8000,Hybrid,Hà Nội,Đen,Đen,bonbanh,https://bonbanh.com/xe-mercedes_benz-glc-200-4matic-2024-6374943,2026-01-09
53,Bmw,X5,2024,3800000000,1500,Xăng,Hà Nội,Trắng,Trắng,bonbanh,https://bonbanh.com/xe-bmw-x5-xdrive40i-m-sport-2024-6470306,2026-01-09
54,Bmw,X5,2024,3857000000,0,Xăng,Hà Nội,Trắng,Trắng,bonbanh,https://bonbanh.com/xe-bmw-x5-xdrive40i-m-sport-2024-5845671,2026-01-09
55,Mg,5,2023,210000000,90000,Xăng,Hà Nội,Unknown,Khác,otocomvn,https://oto.com.vn/mua-ban-xe-mg-5-ha-noi/jupiter-thanh-ly-aidxc23396969,2026-01-09
56,Mitsubishi,Attrage,2023,385000000,45000,Xăng,Khác,Hồng,Khác,otocomvn,https://oto.com.vn/mua-ban-xe-mitsubishi-attrage-hoa-binh/sieu-luot-45000km-aidxc23398032,2026-01-09
57,Toyota,Avanza,2023,430000000,80000,Xăng,Khác,Trắng,Trắng,bonbanh,https://bonbanh.com/xe-toyota-avanza-premio-1.5-mt-2023-6442812,2026-01-09
58,Hyundai,Accent,2023,455000000,39000,Xăng,Tp.Hcm,Trắng,Trắng,bonbanh,https://bonbanh.com/xe-hyundai-accent-1.4-at-2023-6558463,2026-01-09
59,Toyota,Vios,2023,470000000,17000,Xăng,Tp.Hcm,Trắng,Trắng,bonbanh,https://bonbanh.com/xe-toyota-vios-g-1.5-cvt-2023-6614552,2026-01-09
60,Suzuki,Swift,2023,508000000,46000,Xăng,Bình Dương,Trắng,Trắng,bonbanh,https://bonbanh.com/xe-suzuki-swift-glx-1.2-at-2023-6593458,2026-01-09
61,Toyota,Veloz,2023,576000000,21000,Xăng,Tp.Hcm,Đỏ,Đỏ,bonbanh,https://bonbanh.com/xe-toyota-veloz-cross-top-1.5-cvt-2023-6595893,2026-01-09
62,Toyota,Innova,2023,585000000,104000,Điện,Lâm Đồng,Trắng,Trắng,chotot,https://www.chotot.com/129802637.htm,2026-01-09
63,Hyundai,Creta,2023,588000000,13000,Xăng,Hà Nội,Unknown,Khác,otocomvn,https://oto.com.vn/mua-ban-xe-hyundai-creta-ha-noi/2023-aidxc23399246,2026-01-09
64,Ford,Ranger,2023,600000000,67000,Dầu,Hà Nội,Unknown,Khác,otocomvn,https://oto.com.vn/mua-ban-xe-ford-ranger-ha-noi/ban-xe-chinh-chu-chua-va-cham-ngap-nuoc-gia-hop-ly-aidxc23399167,2026-01-09
65,Nissan,Kicks,2023,620000000,18000,Xăng,Hà Nội,Unknown,Khác,otocomvn,https://oto.com.vn/mua-ban-xe-nissan-kicks-ha-noi/e-power-v-sx2023-dang-ky-2024-chay-18-van-aidxc23386641,2026-01-09
66,Peugeot,Gt,2023,666000000,27000,Xăng,Hà Nội,Trắng,Trắng,bonbanh,https://bonbanh.com/xe-peugeot-2008-gt-line-1.2-at-2023-6559287,2026-01-09
67,Mazda,6,2023,715000000,60000,Xăng,Tp.Hcm,Unknown,Khác,otocomvn,https://oto.com.vn/mua-ban-xe-mazda-6-hcm/sport-the-thao-ca-tinh-aidxc23398605,2026-01-09
68,Vinfast,Vf 8,2023,720000000,35000,Điện,Tp.Hcm,Đen,Đen,chotot,https://www.chotot.com/130179629.htm,2026-01-09
69,Honda,Cr V,2023,980000000,16000,Xăng,Đồng Nai,Trắng,Trắng,chotot,https://www.chotot.com/130139332.htm,2026-01-09
70,Kia,Carnival,2023,1199000000,0,Dầu,Hà Nội,Đen,Đen,bonbanh,https://bonbanh.com/xe-kia-carnival-premium-2.2d-7s-2023-6351515,2026-01-09
71,Kia,Carnival,2023,1250000000,48000,Dầu,Hà Nội,Unknown,Khác,otocomvn,https://oto.com.vn/mua-ban-xe-kia-carnival-ha-noi/canival-22-signature-2023-may-dau-chay-48-van-sieu-dep-aidxc23398263,2026-01-09
72,Mercedes-Benz,C Class,2023,1639000000,6999,Xăng,Hà Nội,Đỏ,Đỏ,bonbanh,https://bonbanh.com/xe-mercedes_benz-c_class-c200-avantgarde-plus-2023-6518484,2026-01-09
73,Mini,Cooper,2023,1738000000,5000,Xăng,Tp.Hcm,Đen,Đen,bonbanh,https://bonbanh.com/xe-mini-cooper-countryman-s-2023-6609018,2026-01-09
74,Volkswagen,Teramont,2023,1788000000,0,Xăng,Bắc Ninh,Trắng,Trắng,bonbanh,https://bonbanh.com/xe-volkswagen-teramont-2.0-at-2023-6428216,2026-01-09
75,Mercedes-Benz,Glc,2023,2259000000,27358,Xăng,Hà Nội,Trắng,Trắng,bonbanh,https://bonbanh.com/xe-mercedes_benz-glc-300-4matic-2023-6577113,2026-01-09
76,Lexus,Nx,2023,2799000000,37000,Xăng,Tp.Hcm,Unknown,Khác,otocomvn,https://oto.com.vn/mua-ban-xe-lexus-nx-350-hcm/bao-dau-bank-70-90-ib-zalo-tu-van-truc-tiep-247-aidxc23399840,2026-01-09
77,Porsche,Macan,2023,2950000000,24000,Xăng,Tp.Hcm,Unknown,Khác,otocomvn,https://oto.com.vn/mua-ban-xe-porsche-macan-hcm/xe-nha-chay-moi-97-fulloption-mau-son-den-led-mam-20-po-4-ong-xa-ghe-14-loa-bose-sport-active-aidxc23387674,2026-01-09
78,Toyota,Land Cruiser,2023,2960000000,36000,Xăng,Hà Nội,Đỏ,Đỏ,otocomvn,https://oto.com.vn/mua-ban-xe-toyota-land-cruiser-prado-ha-noi/xe-full-lich-su-hang-bao-check-aidxc23389949,2026-01-09
79,Toyota,Land Cruiser,2023,2960000000,48000,Xăng,Hà Nội,Đỏ,Đỏ,otocomvn,https://oto.com.vn/mua-ban-xe-toyota-land-cruiser-prado-ha-noi/xe-rong-rai-tien-loi-aidxc23398694,2026-01-09
80,Porsche,Macan,2023,3279000000,36000,Xăng,Tp.Hcm,Unknown,Khác,otocomvn,https://oto.com.vn/mua-ban-xe-porsche-macan-hcm/bao-dau-bank-70-90-ib-zalo-tu-van-truc-tiep-247-aidxc23397327,2026-01-09
81,Bmw,7 Series,2023,4279000000,6399,Hybrid,Tp.Hcm,Đen,Đen,bonbanh,https://bonbanh.com/xe-bmw-7_series-735i-pure-excellence-2023-6613341,2026-01-09
82,Mercedes-Benz,S Class,2023,5099000000,30,Xăng,Tp.Hcm,Đen,Đen,bonbanh,https://bonbanh.com/xe-mercedes_benz-s_class-s450-4matic-luxury-2023-6437078,2026-01-09
83,Hyundai,Grand I10,2022,265000000,60000,Xăng,Khác,Bạc,Bạc,otocomvn,https://oto.com.vn/mua-ban-xe-hyundai-grand-i10-phu-tho/hatback-chat-luong-khung-vo-cung-cap-xe-zin-100-aidxc23387341,2026-01-09
84,Kia,Soluto,2022,285000000,33000,Xăng,Hà Nội,Unknown,Khác,otocomvn,https://oto.com.vn/mua-ban-xe-kia-soluto-ha-noi/mau-trang-di-33-van-km-aidxc23398525,2026-01-09
85,Kia,Soluto,2022,355000000,50000,Xăng,Bắc Ninh,Đen,Đen,bonbanh,https://bonbanh.com/xe-kia-soluto-1.4-at-deluxe-2022-6528010,2026-01-09
86,Suzuki,Ertiga,2022,480000000,65000,Hybrid,Khác,Trắng,Trắng,bonbanh,https://bonbanh.com/xe-suzuki-ertiga-hybrid-1.5-at-2022-6593352,2026-01-09
87,Vinfast,Lux,2022,515000000,60000,Xăng,Hà Nội,Unknown,Khác,otocomvn,https://oto.com.vn/mua-ban-xe-vinfast-lux-a20-ha-noi/lux-a-20-tieu-chuan-2022-sieu-dep-aidxc23387116,2026-01-09
88,Kia,Sonet,2022,518000000,67000,Xăng,Khác,Unknown,Khác,otocomvn,https://oto.com.vn/mua-ban-xe-kia-sonet-binh-dinh/full-lich-su-hang-aidxc23389690,2026-01-09
89,Hyundai,Elantra,2022,525000000,23000,Xăng,Bình Dương,Unknown,Khác,otocomvn,https://oto.com.vn/mua-ban-xe-hyundai-elantra-binh-duong/phap-ly-ca-nhan-aidxc23399640,2026-01-09
90,Mazda,3,2022,529000000,510000,Điện,Hà Nội,Đỏ,Đỏ,bonbanh,https://bonbanh.com/xe-mazda-3-1.5l-luxury-2022-6586402,2026-01-09
91,Peugeot,Gt,2022,595000000,48000,Xăng,Hà Nội,Trắng,Trắng,bonbanh,https://bonbanh.com/xe-peugeot-2008-gt-line-1.2-at-2022-6611684,2026-01-09
92,Mitsubishi,Triton,2022,615000000,71000,Dầu,Hà Nội,Đen,Đen,bonbanh,https://bonbanh.com/xe-mitsubishi-triton-athlete-4x2-at-2022-6600367,2026-01-09
93,Other,Other,2022,615000000,40000,Điện,Hải Phòng,Đỏ,Đỏ,chotot,https://www.chotot.com/129961528.htm,2026-01-09
94,Ford,Ranger,2022,688000000,48000,Dầu,Hà Nội,Đen,Đen,bonbanh,https://bonbanh.com/xe-ford-ranger-wildtrak-2.0l-4x4-at-2022-6586628,2026-01-09
95,Mitsubishi,Triton,2022,705000000,57000,Dầu,Tp.Hcm,Đỏ,Đỏ,bonbanh,https://bonbanh.com/xe-mitsubishi-triton-athlete-4x4-at-2022-6606238,2026-01-09
96,Ford,Ranger,2022,720000000,80000,Điện,Tp.Hcm,Trắng,Trắng,chotot,https://www.chotot.com/129901643.htm,2026-01-09
97,Mazda,Cx 5,2022,735000000,35000,Xăng,Khác,Trắng,Trắng,bonbanh,https://bonbanh.com/xe-mazda-cx5-premium-2.0-at-2022-6561439,2026-01-09
98,Subaru,Forester,2022,738000000,46000,Xăng,Tp.Hcm,Trắng,Trắng,chotot,https://www.chotot.com/130180038.htm,2026-01-09
99,Honda,Civic,2022,764000000,25300,Xăng,Tp.Hcm,Unknown,Khác,otocomvn,https://oto.com.vn/mua-ban-xe-honda-civic-hcm/form-the-thao-lai-suong-aidxc23399213,2026-01-09
100,Ford,Territory,2022,768000000,48000,Xăng,Hải Phòng,Trắng,Trắng,bonbanh,https://bonbanh.com/xe-ford-territory-titanium-x-1.5-at-2022-6542827,2026-01-09
101,Toyota,Camry,2022,1050000000,35000,Điện,Cần Thơ,Trắng,Trắng,chotot,https://www.chotot.com/130180094.htm,2026-01-09
102,Kia,Carnival,2022,1095000000,45000,Dầu,Tp.Hcm,Unknown,Khác,otocomvn,https://oto.com.vn/mua-ban-xe-kia-carnival-hcm/8-cho-mau-do-man-xe-di-it-cuc-dep-aidxc23400008,2026-01-09
103,Kia,Carnival,2022,1155000000,30000,Dầu,Tp.Hcm,Unknown,Khác,otocomvn,https://oto.com.vn/mua-ban-xe-kia-carnival-hcm/gia-tot-nhat-thi-truong-ho-tro-giao-xe-toan-quoc-aidxc23396936,2026-01-09
104,Kia,Carnival,2022,1165000000,50000,Dầu,Tp.Hcm,Unknown,Khác,otocomvn,https://oto.com.vn/mua-ban-xe-kia-carnival-hcm/mau-trang-noi-that-nau-aidxc23396086,2026-01-09
105,Kia,Carnival,2022,1185000000,560000,Điện,Hà Nội,Trắng,Trắng,chotot,https://www.chotot.com/130179425.htm,2026-01-09
106,Kia,Carnival,2022,1195000000,60000,Dầu,Tp.Hcm,Unknown,Khác,otocomvn,https://oto.com.vn/mua-ban-xe-kia-carnival-hcm/mpv-cao-cap-voi-dong-co-dau-manh-me-aidxc23399180,2026-01-09
107,Kia,Carnival,2022,1215000000,50000,Dầu,Tp.Hcm,Xanh,Xanh,otocomvn,https://oto.com.vn/mua-ban-xe-kia-carnival-hcm/xe-mau-xanh-noi-that-nau-aidxc23397010,2026-01-09
108,Kia,Carnival,2022,1279000000,40000,Dầu,Tp.Hcm,Xám,Xám,otocomvn,https://oto.com.vn/mua-ban-xe-kia-carnival-hcm/sang-trong-tien-nghi-aidxc23399881,2026-01-09
109,Mercedes-Benz,E200,2022,1590000000,30000,Điện,Hà Nội,Trắng,Trắng,chotot,https://www.chotot.com/130052918.htm,2026-01-09
110,Volkswagen,Teramont,2022,1679000000,16000,Xăng,Tp.Hcm,Unknown,Khác,otocomvn,https://oto.com.vn/mua-ban-xe-volkswagen-teramont-hcm/nhap-my-16000-km-aidxc23392961,2026-01-09
111,Bmw,520I,2022,1738000000,22000,Xăng,Tp.Hcm,Unknown,Khác,otocomvn,https://oto.com.vn/mua-ban-xe-bmw-520i-hcm/xe-the-thao-sang-trong-chat-choi-dinh-cao-aidxc23396264,2026-01-09
112,Mercedes-Benz,Glc,2022,1799000000,54000,Xăng,Tp.Hcm,Đen,Đen,bonbanh,https://bonbanh.com/xe-mercedes_benz-glc-300-4matic-coupe-2022-6456875,2026-01-09
113,Bmw,430I,2022,2480000000,2300,Xăng,Tp.Hcm,Unknown,Khác,otocomvn,https://oto.com.vn/mua-ban-xe-bmw-430i-hcm/xe-nha-toan-trum-men-moi-9999-nhu-2025-moi-nhu-xe-trong-hang-su-dung-2300-aidxc23398790,2026-01-09
114,Porsche,Macan,2022,3179000000,21000,Xăng,Tp.Hcm,Unknown,Khác,otocomvn,https://oto.com.vn/mua-ban-xe-porsche-macan-hcm/bao-dau-bank-70-90-ib-zalo-tu-van-truc-tiep-247-aidxc23397325,2026-01-09
115,Suzuki,Super,2021,210000000,55000,Xăng,Hà Nội,Unknown,Khác,otocomvn,https://oto.com.vn/mua-ban-xe-suzuki-super-carry-pro-ha-noi/xe-dep-gia-tot-aidxc23397772,2026-01-09
116,Other,Other,2021,315000000,52000,Xăng,Cần Thơ,Trắng,Trắng,chotot,https://www.chotot.com/130074930.htm,2026-01-09
117,Other,Other,2021,325000000,2,Xăng,Kiên Giang,Đỏ,Đỏ,chotot,https://www.chotot.com/129461955.htm,2026-01-09
118,Kia,Morning,2021,339000000,62000,Xăng,Hải Dương,Đỏ,Đỏ,otocomvn,https://oto.com.vn/mua-ban-xe-kia-morning-hai-duong/xe-dep-odo-6v2-aidxc23398695,2026-01-09
119,Kia,K3,2021,479000000,56000,Xăng,Tp.Hcm,Đỏ,Đỏ,chotot,https://www.chotot.com/130180004.htm,2026-01-09
120,Kia,Cerato,2021,490000000,70000,Xăng,Hà Nội,Trắng,Trắng,bonbanh,https://bonbanh.com/xe-kia-cerato-1.6-at-luxury-2021-6595932,2026-01-09
121,Vinfast,Lux,2021,499000000,77000,Xăng,Tp.Hcm,Đỏ,Đỏ,chotot,https://www.chotot.com/130139909.htm,2026-01-09
122,Vinfast,Lux A,2021,535000000,112000,Xăng,Hà Nội,Đỏ,Đỏ,bonbanh,https://bonbanh.com/xe-vinfast-lux_a_2.0-plus-2.0-at-2021-6603144,2026-01-09
123,Mazda,Cx 30,2021,585000000,58000,Xăng,Khác,Trắng,Trắng,bonbanh,https://bonbanh.com/xe-mazda-cx-30-luxury-2.0-at-2021-6604832,2026-01-09
124,Mazda,Cx 30,2021,609000000,40000,Xăng,Hà Nội,Trắng,Trắng,bonbanh,https://bonbanh.com/xe-mazda-cx-30-premium-2.0-at-2021-6564416,2026-01-09
125,Toyota,Corolla Cross,2021,640000000,40000,Xăng,Hà Nội,Cam,Khác,bonbanh,https://bonbanh.com/xe-toyota-corolla_cross-1.8g-2021-6565436,2026-01-09
126,Vinfast,Lux,2021,675000000,110000,Điện,Hà Nội,Đen,Đen,chotot,https://www.chotot.com/130179301.htm,2026-01-09
127,Toyota,Corolla Cross,2021,690000000,40000,Điện,Hà Nội,Nâu,Nâu,bonbanh,https://bonbanh.com/xe-toyota-corolla_cross-1.8hv-2021-6606816,2026-01-09
128,Kia,Sedona,2021,695000000,103800,Điện,Tp.Hcm,Đen,Đen,chotot,https://www.chotot.com/130169319.htm,2026-01-09
129,Ford,Ranger,2021,755000000,49000,Điện,Tp.Hcm,Đen,Đen,chotot,https://www.chotot.com/130179757.htm,2026-01-09
130,Kia,Sedona,2021,865000000,80000,Dầu,Tp.Hcm,Đỏ,Đỏ,otocomvn,https://oto.com.vn/mua-ban-xe-kia-sedona-hcm/xe-7-cho-tiet-kiem-nhien-lieu-aidxc23398275,2026-01-09
131,Toyota,Camry,2021,1060000000,60000,Xăng,Hà Nội,Đen,Đen,bonbanh,https://bonbanh.com/xe-toyota-camry-2.5q-2021-6563017,2026-01-09
132,Kia,Carnival,2021,1080000000,100000,Dầu,Khác,Trắng,Trắng,bonbanh,https://bonbanh.com/xe-kia-carnival-premium-2.2d-2021-6563061,2026-01-09
133,Mercedes-Benz,Glc,2021,1229000000,49000,Xăng,Hà Nội,Be,Khác,otocomvn,https://oto.com.vn/mua-ban-xe-mercedes-benz-glc-200-ha-noi/xe-sang-trong-lich-su-chat-luong-cao-aidxc23398581,2026-01-09
134,Mercedes-Benz,Glc,2021,1560000000,30000,Xăng,Hà Nội,Đen,Đen,otocomvn,https://oto.com.vn/mua-ban-xe-mercedes-benz-glc-300-ha-noi/sx2021-mau-den-noi-that-kem-chay-hon-3-van-aidxc23376960,2026-01-09
135,Mercedes-Benz,Glc300,2021,1599000000,410000,Xăng,Hải Phòng,Trắng,Trắng,chotot,https://www.chotot.com/130133081.htm,2026-01-09
136,Toyota,Prado,2021,2388000000,90000,Xăng,Hà Nội,Đỏ,Đỏ,bonbanh,https://bonbanh.com/xe-toyota-prado-vx-2.7l-2021-6592275,2026-01-09
137,Toyota,Prado,2021,2450000000,108000,Xăng,Hà Nội,Trắng,Trắng,bonbanh,https://bonbanh.com/xe-toyota-prado-vx-2.7l-2021-6578679,2026-01-09
138,Audi,Q8,2021,2680000000,79000,Xăng,Hà Nội,Đen,Đen,bonbanh,https://bonbanh.com/xe-audi-q8-55-tfsi-s-line-quattro-2021-6492032,2026-01-09
139,Vinfast,Fadil,2020,290000000,68000,Xăng,Khác,Đỏ,Đỏ,bonbanh,https://bonbanh.com/xe-vinfast-fadil-1.4-at-2020-6592605,2026-01-09
140,Other,Other,2020,325000000,80,Xăng,Tp.Hcm,Trắng,Trắng,chotot,https://www.chotot.com/130148507.htm,2026-01-09
141,Other,Other,2020,383000000,22,Điện,Hải Phòng,Đỏ,Đỏ,chotot,https://www.chotot.com/130022485.htm,2026-01-09
142,Mitsubishi,Xpander,2020,460000000,80,Xăng,Thanh Hóa,Trắng,Trắng,bonbanh,https://bonbanh.com/xe-mitsubishi-xpander-1.5-at-2020-6596912,2026-01-09
143,Mitsubishi,Xpander Cross,2020,470000000,80000,Xăng,Hà Nội,Unknown,Khác,otocomvn,https://oto.com.vn/mua-ban-xe-mitsubishi-xpander-cross-ha-noi/2020-aidxc23399251,2026-01-09
144,Mazda,Bán,2020,485000000,78000,Xăng,Tp.Hcm,Đỏ,Đỏ,chotot,https://www.chotot.com/130180284.htm,2026-01-09
145,Toyota,Innova,2020,515000000,70000,Điện,Tp.Hcm,Đỏ,Đỏ,chotot,https://www.chotot.com/130179255.htm,2026-01-09
146,Toyota,Innova,2020,545000000,69000,Xăng,Bình Dương,Unknown,Khác,otocomvn,https://oto.com.vn/mua-ban-xe-toyota-innova-binh-duong/xe-gia-dinh-aidxc23395072,2026-01-09
147,Toyota,Corolla Cross,2020,645000000,62000,Xăng,Bình Dương,Unknown,Khác,otocomvn,https://oto.com.vn/mua-ban-xe-toyota-corolla-cross-binh-duong/xe-dep-gia-tot-aidxc23395067,2026-01-09
148,Other,Other,2020,679000000,50000,Điện,Hải Phòng,Đỏ,Đỏ,chotot,https://www.chotot.com/129560188.htm,2026-01-09
149,Mazda,Cx 8,2020,760000000,45000,Xăng,Hà Nội,Xanh,Xanh,bonbanh,https://bonbanh.com/xe-mazda-cx8-luxury-2020-6611746,2026-01-09
150,Ford,Everest,2020,829000000,81000,Điện,Hà Nội,Unknown,Khác,otocomvn,https://oto.com.vn/mua-ban-xe-ford-everest-ha-noi/2020-aidxc23399898,2026-01-09
151,Ford,Everest,2020,865000000,0,Điện,Tp.Hcm,Trắng,Trắng,bonbanh,https://bonbanh.com/xe-ford-everest-titanium-2.0l-4x4-at-2020-6588530,2026-01-09
152,Mercedes-Benz,E Class,2020,1438000000,38800,Xăng,Tp.Hcm,Đen,Đen,bonbanh,https://bonbanh.com/xe-mercedes_benz-e_class-e300-amg-2020-6603467,2026-01-09
153,Mercedes-Benz,E300,2020,1439000000,38000,Xăng,Tp.Hcm,Be,Khác,otocomvn,https://oto.com.vn/mua-ban-xe-mercedes-benz-e300-hcm/mercedes-amg-2020-luot-nhe-cuc-dep-aidxc23399431,2026-01-09
154,Lexus,Ls,2020,1580000000,40000,Xăng,Hà Nội,Trắng,Trắng,chotot,https://www.chotot.com/130179918.htm,2026-01-09
155,Mercedes-Benz,Gle450,2020,2499000000,30000,Xăng,Đà Nẵng,Đỏ,Đỏ,chotot,https://www.chotot.com/129143829.htm,2026-01-09
156,Lexus,Rx300,2020,2590000000,60000,Xăng,Đà Nẵng,Đen,Đen,chotot,https://www.chotot.com/125493914.htm,2026-01-09
157,Toyota,Alphard,2020,2799000000,67000,Xăng,Tp.Hcm,Unknown,Khác,otocomvn,https://oto.com.vn/mua-ban-xe-toyota-alphard-hcm/xe-nha-trum-men-khong-chay-cuc-moi-1-doi-chu-may-35-chay-cuc-phe-fulloption-toan-bo-zin-theo-xe-aidxc23349599,2026-01-09
158,Toyota,Land Cruiser,2020,4390000000,55000,Xăng,Hà Nội,Unknown,Khác,otocomvn,https://oto.com.vn/mua-ban-xe-toyota-land-cruiser-ha-noi/son-zin-100-gia-4390-trieu-aidxc23394236,2026-01-09
159,Other,Other,2020,355000000000,71000,Xăng,Tp.Hcm,Đỏ,Đỏ,chotot,https://www.chotot.com/130179846.htm,2026-01-09
160,Other,Other,2019,125000000,80000,Điện,Tiền Giang,Trắng,Trắng,chotot,https://www.chotot.com/130179313.htm,2026-01-09
161,Other,Other,2019,200000000,130000,Xăng,Tp.Hcm,Trắng,Trắng,chotot,https://www.chotot.com/130180192.htm,2026-01-09
162,Hyundai,Accent,2019,278000000,100,Điện,Hải Dương,Bạc,Bạc,bonbanh,https://bonbanh.com/xe-hyundai-accent-1.4-mt-2019-6593542,2026-01-09
163,Vinfast,Fadil,2019,295000000,83000,Xăng,Hà Nội,Trắng,Trắng,bonbanh,https://bonbanh.com/xe-vinfast-fadil-1.4-at-plus-2019-6563610,2026-01-09
164,Mazda,2,2019,375000000,42000,Xăng,Tp.Hcm,Nâu,Nâu,bonbanh,https://bonbanh.com/xe-mazda-2-sport-luxury-2019-6614553,2026-01-09
165,Mitsubishi,Xpander,2019,445000000,52000,Xăng,Tp.Hcm,Nâu,Nâu,bonbanh,https://bonbanh.com/xe-mitsubishi-xpander-1.5-at-2019-6562320,2026-01-09
166,Toyota,Innova,2019,479000000,80000,Xăng,Hải Dương,Unknown,Khác,otocomvn,https://oto.com.vn/mua-ban-xe-toyota-innova-hai-duong/2019-20-mt-8v-aidxc23391762,2026-01-09
167,Ford,Ranger,2019,495000000,97000,Dầu,Quảng Ninh,Trắng,Trắng,bonbanh,https://bonbanh.com/xe-ford-ranger-xls-2.2l-4x2-at-2019-6381236,2026-01-09
168,Other,Other,2019,605000000,50000,Xăng,Hà Nội,Đỏ,Đỏ,chotot,https://www.chotot.com/126895906.htm,2026-01-09
169,Kia,Sedona,2019,635000000,86000,Dầu,Tp.Hcm,Đỏ,Đỏ,chotot,https://www.chotot.com/129934285.htm,2026-01-09
170,Ford,Tourneo,2019,648000000,80000,Xăng,Hải Dương,Unknown,Khác,otocomvn,https://oto.com.vn/mua-ban-xe-ford-tourneo-hai-duong/xe-cuc-dep-chu-di-giu-gin-aidxc23400049,2026-01-09
171,Honda,Cr V,2019,739000000,50000,Xăng,Tp.Hcm,Unknown,Khác,otocomvn,https://oto.com.vn/mua-ban-xe-honda-cr-v-hcm/model-2020-full-options-aidxc23397368,2026-01-09
172,Ford,Tourneo,2019,755000000,70000,Xăng,Tp.Hcm,Đen,Đen,bonbanh,https://bonbanh.com/xe-ford-tourneo-limousine-titanium-2.0-at-2019-6614544,2026-01-09
173,Other,Other,2019,760000000,94300,Điện,Tp.Hcm,Đỏ,Đỏ,chotot,https://www.chotot.com/130179755.htm,2026-01-09
174,Mercedes-Benz,C250,2019,860000000,64000,Xăng,Hà Nội,Be,Khác,otocomvn,https://oto.com.vn/mua-ban-xe-mercedes-benz-c-250-ha-noi/xe-sang-trong-full-option-gia-cuc-tot-aidxc23398700,2026-01-09
175,Mercedes-Benz,E Class,2019,1168000000,68000,Điện,Tp.Hcm,Đen,Đen,chotot,https://www.chotot.com/130037311.htm,2026-01-09
176,Mercedes-Benz,E Class,2019,1199000000,41000,Xăng,Tp.Hcm,Đen,Đen,chotot,https://www.chotot.com/130037192.htm,2026-01-09
177,Mercedes-Benz,S450,2019,2250000000,70000,Xăng,Tp.Hcm,Trắng,Trắng,otocomvn,https://oto.com.vn/mua-ban-xe-mercedes-benz-s450-hcm/mercedes-4matic-luxury-2019-giam-doc-su-dung-aidxc23400107,2026-01-09
178,Toyota,Land Cruiser,2019,3888000000,83000,Xăng,Hà Nội,Unknown,Khác,otocomvn,https://oto.com.vn/mua-ban-xe-toyota-land-cruiser-ha-noi/co-thuong-luong-aidxc23400070,2026-01-09
179,Land Rover,Landrover,2019,4600000000,64000,Điện,Hà Nội,Đen,Đen,chotot,https://www.chotot.com/130179247.htm,2026-01-09
180,Hyundai,Grand I10,2018,280000000,130000,Xăng,Hưng Yên,Bạc,Bạc,otocomvn,https://oto.com.vn/mua-ban-xe-hyundai-grand-i10-hung-yen/xe-chat-khong-loi-nho-may-so-keo-chi-than-vo-zin-da-co-man-hinh-aidxc23398666,2026-01-09
181,Hyundai,I10,2018,305000000,88000,Xăng,Khác,Trắng,Trắng,bonbanh,https://bonbanh.com/xe-hyundai-i10-grand-1.2-at-2018-6609500,2026-01-09
182,Honda,City,2018,360000000,61000,Xăng,Bình Dương,Unknown,Khác,otocomvn,https://oto.com.vn/mua-ban-xe-honda-city-binh-duong/con-thuong-luong-gia-aidxc23395070,2026-01-09
183,Chevrolet,Colorado,2018,395000000,64000,Điện,Bình Dương,Đỏ,Đỏ,otocomvn,https://oto.com.vn/mua-ban-xe-chevrolet-colorado-binh-duong/so-cua-chua-lan-aidxc23399641,2026-01-09
184,Toyota,Innova,2018,420000000,135000,Xăng,Đà Nẵng,Be,Khác,otocomvn,https://oto.com.vn/mua-ban-xe-toyota-innova-da-nang/e-2018-mt-xe-gia-dinh-8-cho-gam-cao-ben-bi-rong-rai-aidxc23399253,2026-01-09
185,Mazda,3,2018,450000000,18880,Điện,Đà Nẵng,Đỏ,Đỏ,chotot,https://www.chotot.com/130179551.htm,2026-01-09
186,Nissan,X Trail,2018,515000000,81000,Điện,Hà Nội,Trắng,Trắng,chotot,https://www.chotot.com/129704585.htm,2026-01-09
187,Hyundai,Santa Fe,2018,565000000,122000,Xăng,Khác,Unknown,Khác,otocomvn,https://oto.com.vn/mua-ban-xe-hyundai-santa-fe-binh-dinh/full-lich-su-hang-aidxc23389231,2026-01-09
188,Ford,Ranger,2018,575000000,13000,Dầu,Khác,Vàng,Vàng,bonbanh,https://bonbanh.com/xe-ford-ranger-wildtrak-2.0l-4x4-at-2018-6524687,2026-01-09
189,Kia,Sorento,2018,640000000,75000,Điện,Tp.Hcm,Trắng,Trắng,chotot,https://www.chotot.com/129047486.htm,2026-01-09
190,Hyundai,Santa Fe,2018,665000000,60000,Xăng,Tp.Hcm,Unknown,Khác,otocomvn,https://oto.com.vn/mua-ban-xe-hyundai-santa-fe-hcm/2-cau-mau-bac-sieu-dep-aidxc23400011,2026-01-09
191,Mercedes-Benz,Glc300,2018,999000000,1,Điện,Hà Nội,Đen,Đen,chotot,https://www.chotot.com/129613732.htm,2026-01-09
192,Bmw,740I,2018,1890000000,50000,Xăng,Đà Nẵng,Đỏ,Đỏ,chotot,https://www.chotot.com/126546610.htm,2026-01-09
193,Maserati,Levante,2018,2199000000,40000,Điện,Hà Nội,Đen,Đen,bonbanh,https://bonbanh.com/xe-maserati-levante-3.0-v6-2018-6491936,2026-01-09
194,Land Rover,Landrover,2018,2650000000,60000,Xăng,Hà Nội,Trắng,Trắng,chotot,https://www.chotot.com/130179344.htm,2026-01-09
195,Ford,Focus,2017,378000000,28000,Xăng,Tp.Hcm,Trắng,Trắng,chotot,https://www.chotot.com/130094300.htm,2026-01-09
196,Other,Other,2017,395000000,98000,Điện,Tp.Hcm,Trắng,Trắng,chotot,https://www.chotot.com/129942360.htm,2026-01-09
197,Ford,Transit,2017,400000000,112000,Dầu,Tp.Hcm,Trắng,Trắng,bonbanh,https://bonbanh.com/xe-ford-transit-luxury-2017-6568418,2026-01-09
198,Honda,Civic,2017,470000000,110000,Xăng,Hà Nội,Unknown,Khác,otocomvn,https://oto.com.vn/mua-ban-xe-honda-civic-ha-noi/2017-tai-aidxc23399277,2026-01-09
199,Honda,Cr V,2017,535000000,90000,Điện,Hà Nội,Trắng,Trắng,chotot,https://www.chotot.com/126707970.htm,2026-01-09
200,Ford,Ranger,2017,535000000,100000,Dầu,Khác,Unknown,Khác,otocomvn,https://oto.com.vn/mua-ban-xe-ford-ranger-phu-tho/ban-tai-chat-luong-cao-kieu-dang-the-thao-aidxc23334783,2026-01-09
201,Honda,Cr V,2017,550000000,100000,Điện,Hà Nội,Đỏ,Đỏ,chotot,https://www.chotot.com/130179943.htm,2026-01-09
202,Honda,Crv,2017,579000000,10000,Xăng,Hà Nội,Đỏ,Đỏ,bonbanh,https://bonbanh.com/xe-honda-crv-2.4-at---tg-2017-6269083,2026-01-09
203,Hyundai,Santa Fe,2017,615000000,120000,Dầu,Hà Nội,Unknown,Khác,otocomvn,https://oto.com.vn/mua-ban-xe-hyundai-santa-fe-ha-noi/xe-dep-chot-nhanh-aidxc23398742,2026-01-09
204,Toyota,Fortuner,2017,632000000,112000,Xăng,Tp.Hcm,Trắng,Trắng,chotot,https://www.chotot.com/130179740.htm,2026-01-09
205,Other,Other,2017,650000000,108350,Điện,Tp.Hcm,Đỏ,Đỏ,chotot,https://www.chotot.com/130180232.htm,2026-01-09
206,Mercedes-Benz,Glc,2017,789000000,70000,Xăng,Hà Nội,Be,Khác,otocomvn,https://oto.com.vn/mua-ban-xe-mercedes-benz-glc-250-ha-noi/4matic-2017-chay-7-van-sieu-dep-aidxc23387211,2026-01-09
207,Mercedes-Benz,Glc,2017,899000000,12000,Xăng,Hà Nội,Be,Khác,otocomvn,https://oto.com.vn/mua-ban-xe-mercedes-benz-glc-300-ha-noi/-aidxc23399953,2026-01-09
208,Toyota,Land Cruiser,2017,1350000000,100000,Xăng,Hải Dương,Trắng,Trắng,otocomvn,https://oto.com.vn/mua-ban-xe-toyota-land-cruiser-prado-hai-duong/noi-that-rong-rai-trang-bi-full-option-aidxc23364023,2026-01-09
209,Porsche,Macan,2017,1420000000,50000,Xăng,Tp.Hcm,Unknown,Khác,otocomvn,https://oto.com.vn/mua-ban-xe-porsche-macan-hcm/1-chu-xe-nha-toan-trum-men-it-su-dung-con-rat-moi-bao-hiem-2c-ngay-chu-dung-ten-aidxc23356102,2026-01-09
210,Chevrolet,Aveo,2016,168000000,62000,Điện,Tp.Hcm,Trắng,Trắng,chotot,https://www.chotot.com/129765528.htm,2026-01-09
211,Kia,Morning,2016,169000000,200000,Xăng,Đồng Nai,Đỏ,Đỏ,chotot,https://www.chotot.com/130179913.htm,2026-01-09
212,Kia,Morning,2016,190000000,90000,Xăng,Hà Nội,Đỏ,Đỏ,bonbanh,https://bonbanh.com/xe-kia-morning-van-1.0-at-2016-6570705,2026-01-09
213,Kia,Morning,2016,222000000,52000,Xăng,Bình Dương,Trắng,Trắng,bonbanh,https://bonbanh.com/xe-kia-morning-si-at-2016-6402954,2026-01-09
214,Kia,Morning,2016,240000000,100000,Xăng,Khác,Nâu,Nâu,bonbanh,https://bonbanh.com/xe-kia-morning-si-at-2016-6448068,2026-01-09
215,Other,Other,2016,295000000,120000,Xăng,Hà Nội,Đỏ,Đỏ,chotot,https://www.chotot.com/126896038.htm,2026-01-09
216,Other,Other,2016,345000000,195000,Điện,Tp.Hcm,Trắng,Trắng,chotot,https://www.chotot.com/129425439.htm,2026-01-09
217,Mazda,6,2016,395000000,110000,Điện,Tp.Hcm,Đen,Đen,chotot,https://www.chotot.com/130111189.htm,2026-01-09
218,Kia,Rondo,2016,399000000,110000,Dầu,Hải Dương,Đỏ,Đỏ,otocomvn,https://oto.com.vn/mua-ban-xe-kia-rondo-hai-duong/ho-tro-tra-gop-lai-suat-tot-aidxc23363918,2026-01-09
219,Hyundai,Santa Fe,2016,555000000,102000,Xăng,Hải Dương,Unknown,Khác,otocomvn,https://oto.com.vn/mua-ban-xe-hyundai-santa-fe-hai-duong/chiec-xe-7-cho-phu-hop-moi-gia-dinh-chu-giu-gin-aidxc23363869,2026-01-09
220,Mercedes-Benz,C Class,2016,618000000,0,Điện,Hà Nội,Trắng,Trắng,bonbanh,https://bonbanh.com/xe-mercedes_benz-c_class-c250-exclusive-2016-6521498,2026-01-09
221,Toyota,Camry,2016,625000000,0,Xăng,Khác,Trắng,Trắng,bonbanh,https://bonbanh.com/xe-toyota-camry-2.5q-2016-6584274,2026-01-09
222,Lexus,Es,2016,1199000000,120000,Xăng,Hà Nội,Trắng,Trắng,bonbanh,https://bonbanh.com/xe-lexus-es-250-2016-6525558,2026-01-09
223,Mercedes-Benz,Gls,2016,1525000000,99000,Xăng,Hà Nội,Trắng,Trắng,bonbanh,https://bonbanh.com/xe-mercedes_benz-gls-400-4matic-2016-6457667,2026-01-09
224,Porsche,Macan,2016,1550000000,96000,Xăng,Hà Nội,Nâu,Nâu,bonbanh,https://bonbanh.com/xe-porsche-macan-2.0-2016-6601469,2026-01-09
225,Lexus,Gx,2016,2300000000,68000,Xăng,Tp.Hcm,Đỏ,Đỏ,bonbanh,https://bonbanh.com/xe-lexus-gx-460-2016-6601997,2026-01-09
226,Lexus,Lx,2016,4420000000,67000,Xăng,Tp.Hcm,Unknown,Khác,otocomvn,https://oto.com.vn/mua-ban-xe-lexus-lx-570-hcm/nhap-my-cuc-hiem-doi-nay-moi-khong-doi-thu-moi-nhu-2020-fulloption-nha-toan-trum-men-aidxc23352444,2026-01-09
227,Kia,Carens,2015,220000000,120000,Xăng,Hải Dương,Unknown,Khác,otocomvn,https://oto.com.vn/mua-ban-xe-kia-carens-hai-duong/2015-mt-20-12v-aidxc23364196,2026-01-09
228,Toyota,Innova,2015,262000000,130000,Xăng,Hưng Yên,Unknown,Khác,otocomvn,https://oto.com.vn/mua-ban-xe-toyota-innova-hung-yen/xe-tu-nhan-ho-so-cam-tay-xe-dep-khong-loi-may-so-keo-chi-zin-noi-ngoai-that-dep-aidxc23398813,2026-01-09
229,Chevrolet,Captiva,2015,365000000,86500,Điện,Tp.Hcm,Trắng,Trắng,chotot,https://www.chotot.com/130179779.htm,2026-01-09
230,Kia,Sedona,2015,458000000,96379,Xăng,Tp.Hcm,Đỏ,Đỏ,chotot,https://www.chotot.com/130180536.htm,2026-01-09
231,Land Rover,Landrover,2015,1480000000,100000,Điện,Hà Nội,Đen,Đen,chotot,https://www.chotot.com/130180051.htm,2026-01-09
232,Other,Other,2014,286000000,1000,Điện,Đồng Nai,Đen,Đen,chotot,https://www.chotot.com/130103493.htm,2026-01-09
233,Ford,Transit,2014,320000000,150000,Dầu,Khác,Unknown,Khác,otocomvn,https://oto.com.vn/mua-ban-xe-ford-transit-vinh-phuc/xem-xe-tai-gia-tot-sang-ten-ngay-aidxc23380818,2026-01-09
234,Mercedes-Benz,E250,2014,428000000,140000,Xăng,Hải Dương,Be,Khác,otocomvn,https://oto.com.vn/mua-ban-xe-mercedes-benz-e250-hai-duong/xe-cuc-dep-day-du-ho-so-sang-ten-aidxc23400098,2026-01-09
235,Mercedes-Benz,Glk,2014,635000000,100000,Dầu,Hà Nội,Đỏ,Đỏ,chotot,https://www.chotot.com/124499854.htm,2026-01-09
236,Land Rover,Landrover,2014,2489000000,75000,Xăng,Hà Nội,Đen,Đen,bonbanh,https://bonbanh.com/xe-landrover-range_rover-autobiography-lwb-5.0-2014-6579861,2026-01-09
237,Bentley,Mulsanne,2014,7900000000,53000,Xăng,Hà Nội,Be,Khác,otocomvn,https://oto.com.vn/mua-ban-xe-bentley-mulsanne-ha-noi/68-v8-san-xuat-2014-chay-hon-5-van-km-nhu-moi-aidxc23288224,2026-01-09
238,Rolls-Royce,Wraith,2014,9500000000,30000,Xăng,Hà Nội,Trắng,Trắng,bonbanh,https://bonbanh.com/xe-rolls_royce-wraith-6.6-v12-2014-6580434,2026-01-09
239,Kia,Morning,2013,119000000,0,Xăng,Khác,Trắng,Trắng,bonbanh,https://bonbanh.com/xe-kia-morning-ex-2013-6552380,2026-01-09
240,Hyundai,Avante,2012,200000000,130000,Xăng,Khác,Unknown,Khác,otocomvn,https://oto.com.vn/mua-ban-xe-hyundai-avante-phu-tho/sedan-5-cho-gia-re-may-so-ngon-than-vo-chac-chan-aidxc23017693,2026-01-09
241,Mazda,2,2012,260000000,0,Xăng,Khác,Trắng,Trắng,bonbanh,https://bonbanh.com/xe-mazda-2-1.5-at-2012-6356278,2026-01-09
242,Toyota,Hiace,2012,295000000,10000,Xăng,Hà Nội,Đỏ,Đỏ,chotot,https://www.chotot.com/129875742.htm,2026-01-09
243,Toyota,Camry,2012,320000000,15000,Xăng,Tp.Hcm,Đỏ,Đỏ,chotot,https://www.chotot.com/130179556.htm,2026-01-09
244,Hyundai,Accent,2011,235000000,116000,Xăng,Bình Dương,Unknown,Khác,otocomvn,https://oto.com.vn/mua-ban-xe-hyundai-accent-binh-duong/xe-gia-dinh-su-dung-ky-chat-luong-con-tot-aidxc23399863,2026-01-09
245,Mercedes-Benz,C250,2011,269000000,166000,Xăng,Hải Dương,Be,Khác,otocomvn,https://oto.com.vn/mua-ban-xe-mercedes-benz-c-250-hai-duong/xe-dep-gia-tot-lien-he-em-aidxc23400050,2026-01-09
246,Toyota,Corolla Altis,2011,290000000,100000,Xăng,Khác,Unknown,Khác,otocomvn,https://oto.com.vn/mua-ban-xe-toyota-corolla-altis-vinh-phuc/du-ho-so-sang-ten-gia-tot-tai-aidxc23380361,2026-01-09
247,Bmw,730Li,2011,490000000,80000,Xăng,Hà Nội,Đen,Đen,otocomvn,https://oto.com.vn/mua-ban-xe-bmw-730li-ha-noi/730-sx2011-den-noi-that-kem-chay-hon-8v-km-chay-cuc-suong-aidxc23202880,2026-01-09
248,Suzuki,Blind Van,2010,88000000,80000,Xăng,Hà Nội,Unknown,Khác,otocomvn,https://oto.com.vn/mua-ban-xe-suzuki-blind-van-ha-noi/gia-tot-xem-xe-tai-aidxc23376649,2026-01-09
249,Toyota,Yaris,2010,228000000,90000,Xăng,Hà Nội,Đỏ,Đỏ,bonbanh,https://bonbanh.com/xe-toyota-yaris-1.3-at-2010-6604965,2026-01-09
250,Vinfast,Ecvan,2010,267000000,0,Điện,Tp.Hcm,Đỏ,Đỏ,chotot,https://www.chotot.com/125021638.htm,2026-01-09
251,Hyundai,Starex,2010,280000000,185000,Điện,Tp.Hcm,Đỏ,Đỏ,chotot,https://www.chotot.com/130179772.htm,2026-01-09
252,Toyota,Fortuner,2010,289000000,160000,Xăng,Hải Dương,Unknown,Khác,otocomvn,https://oto.com.vn/mua-ban-xe-toyota-fortuner-hai-duong/xe-cuc-dep-ban-2-cau-lien-he-em-xem-xe-aidxc23398497,2026-01-09
253,Honda,Cr V,2010,290000000,130000,Xăng,Khác,Be,Khác,otocomvn,https://oto.com.vn/mua-ban-xe-honda-cr-v-phu-tho/chat-xe-lanh-ben-it-hong-vat-than-vo-chac-nich-aidxc22842557,2026-01-09
254,Other,Other,2010,300000000,12345,Xăng,Đà Nẵng,Đỏ,Đỏ,chotot,https://www.chotot.com/115107978.htm,2026-01-09
255,Mercedes-Benz,E Class,2010,305000000,0,Xăng,Hải Phòng,Trắng,Trắng,bonbanh,https://bonbanh.com/xe-mercedes_benz-e_class-e300-2010-6572479,2026-01-09
256,Toyota,Corolla Altis,2010,308000000,118000,Xăng,Hà Nội,Unknown,Khác,otocomvn,https://oto.com.vn/mua-ban-xe-toyota-corolla-altis-ha-noi/xe-dep-tai-phu-tho-thuong-luong-gia-tot-aidxc23385136,2026-01-09
257,Other,Other,2010,330000000,12345,Điện,Đà Nẵng,Đỏ,Đỏ,chotot,https://www.chotot.com/115108108.htm,2026-01-09
258,Ford,Focus,2010,359000000,8,Điện,Khác,Đỏ,Đỏ,chotot,https://www.chotot.com/129848109.htm,2026-01-09
259,Other,Other,2010,365000000,5000,Xăng,Hà Nội,Unknown,Khác,otocomvn,https://oto.com.vn/mua-ban-xe-smart-fortwo-ha-noi/phien-ban-10-at-manh-me-84hp-aidxc23380559,2026-01-09
260,Mitsubishi,Xpander Cross,2010,497000000,60654,Xăng,Tp.Hcm,Đỏ,Đỏ,chotot,https://www.chotot.com/129564094.htm,2026-01-09
261,Toyota,Previa,2010,580000000,90000,Điện,Tp.Hcm,Unknown,Khác,otocomvn,https://oto.com.vn/mua-ban-xe-toyota-previa-hcm/hang-nhap-suu-tam-rat-hiem-sx-den-2020-khong-con-sx-nua-xe-nha-trum-men-con-rat-moi-aidxc23392946,2026-01-09
262,Honda,Hrv,2010,699000000,0,Xăng,Tp.Hcm,Đỏ,Đỏ,chotot,https://www.chotot.com/128781738.htm,2026-01-09
263,Toyota,Sienna,2010,779000000,0,Xăng,Hải Phòng,Cam,Khác,bonbanh,https://bonbanh.com/xe-toyota-sienna-le-3.5-2010-6477776,2026-01-09
264,Other,Other,2010,799000000,100,Dầu,Tp.Hcm,Đỏ,Đỏ,chotot,https://www.chotot.com/130179942.htm,2026-01-09
265,Rolls-Royce,Ghost,2010,3900000000,70000,Xăng,Hà Nội,Unknown,Khác,otocomvn,https://oto.com.vn/mua-ban-xe-rolls-royce-ghost-ha-noi/66-v12-sieu-dep-aidxc23349586,2026-01-09
266,Chevrolet,Vivant,2009,85000000,150000,Điện,Khác,Be,Khác,otocomvn,https://oto.com.vn/mua-ban-xe-chevrolet-vivant-phu-tho/1-chu-tu-dau-chat-xe-lanh-ben-may-so-ngon-than-vo-chac-chan-aidxc22796733,2026-01-09
267,Ford,Focus,2009,90000000,150000,Xăng,Hà Nội,Unknown,Khác,otocomvn,https://oto.com.vn/mua-ban-xe-ford-focus-ha-noi/ban-xe-oto-sedan-gia-dinh-5-cho-hieu-may-xang-18-so-san-tiet-kiem-nhien-lieu-aidxc23399297,2026-01-09
268,Kia,Carens,2009,185000000,100,Điện,Hải Phòng,Trắng,Trắng,chotot,https://www.chotot.com/129863020.htm,2026-01-09
269,Mazda,3,2009,195000000,0,Xăng,Hà Nội,Đen,Đen,bonbanh,https://bonbanh.com/xe-mazda-3-2.0-at-2009-6475492,2026-01-09
270,Honda,Civic,2009,198000000,0,Điện,Hải Phòng,Đỏ,Đỏ,chotot,https://www.chotot.com/130176008.htm,2026-01-09
271,Hyundai,I30,2009,210000000,120000,Xăng,Hà Nội,Unknown,Khác,otocomvn,https://oto.com.vn/mua-ban-xe-hyundai-i30-ha-noi/xe-rat-dep-nhieu-do-choi-aidxc23349277,2026-01-09
272,Hyundai,I30,2009,215000000,140000,Điện,Đà Nẵng,Đỏ,Đỏ,chotot,https://www.chotot.com/130072698.htm,2026-01-09
273,Nissan,Teana,2009,235000000,133000,Dầu,Khác,Đen,Đen,bonbanh,https://bonbanh.com/xe-nissan-teana-2.5-at-250xv-2009-6614535,2026-01-09
274,Ford,Ranger,2009,245000000,12345,Dầu,Đồng Nai,Đỏ,Đỏ,chotot,https://www.chotot.com/130179067.htm,2026-01-09
275,Nissan,Teana,2009,280000000,0,Xăng,Tp.Hcm,Đen,Đen,bonbanh,https://bonbanh.com/xe-nissan-teana-2.0-at-2009-6373170,2026-01-09
276,Mercedes-Benz,Glk,2009,339000000,90000,Điện,Tp.Hcm,Trắng,Trắng,chotot,https://www.chotot.com/129969298.htm,2026-01-09
277,Hyundai,Santa Fe,2009,365000000,200000,Dầu,Khác,Unknown,Khác,otocomvn,https://oto.com.vn/mua-ban-xe-hyundai-santa-fe-phu-tho/7-cho-may-dau-nhap-khau-nguyen-chiec-aidxc23342543,2026-01-09
278,Toyota,Venza,2009,395000000,0,Xăng,Hà Nội,Đỏ,Đỏ,bonbanh,https://bonbanh.com/xe-toyota-venza-2.7-2009-6555863,2026-01-09
279,Toyota,Venza,2009,395000000,113000,Xăng,Đồng Nai,Đồng,Khác,otocomvn,https://oto.com.vn/mua-ban-xe-toyota-venza-dong-nai/xe-ca-nhan-it-di-1-nam-nam-nay-can-ban-xe-dep-noi-ngoai-that-cung-cap-nhu-xe-moi-aidxc23399391,2026-01-09
280,Chevrolet,Captiva,2008,135000000,108888,Điện,Hà Nội,Đỏ,Đỏ,chotot,https://www.chotot.com/129117181.htm,2026-01-09
281,Ford,Transit,2008,190000000,500000,Điện,Tp.Hcm,Đỏ,Đỏ,chotot,https://www.chotot.com/130179355.htm,2026-01-09
282,Other,Other,2008,255000000,131,Xăng,Bà Rịa - Vũng Tàu,Unknown,Khác,otocomvn,https://oto.com.vn/mua-ban-xe-acura-mdx-ba-ria-vung-tau/chinh-chu-len-doi-xe-moi-nen-du-xe-2008-tam-huyet-mot-thoi-0933018037-xe-o-vung-tau-aidxc23393911,2026-01-09
283,Hyundai,Grand,2008,275000000,12000,Dầu,Hà Nội,Unknown,Khác,otocomvn,https://oto.com.vn/mua-ban-xe-hyundai-grand-starex-ha-noi/ban-starextai-van-5-cho-doi-2008-so-tu-dong-may-dau-aidxc23395276,2026-01-09
284,Other,Other,2008,395000000,71000,Xăng,Hà Nội,Trắng,Trắng,bonbanh,https://bonbanh.com/xe-acura-mdx-sh-awd-2008-6592980,2026-01-09
285,Mitsubishi,Pajero,2007,138000000,100000,Điện,Tp.Hcm,Đỏ,Đỏ,chotot,https://www.chotot.com/129745741.htm,2026-01-09
286,Lexus,Gx,2007,650000000,160000,Xăng,Hà Nội,Unknown,Khác,otocomvn,https://oto.com.vn/mua-ban-xe-lexus-gx-470-ha-noi/xe-dep-chinh-chu-di-giu-gin-nhap-nhat-aidxc23399896,2026-01-09
287,Other,Other,2007,2950000000,65000,Xăng,Tp.Hcm,Unknown,Khác,otocomvn,https://oto.com.vn/mua-ban-xe-hummer-h2-hcm/dk-moi-2010-zin-1oo-aidxc23396134,2026-01-09
288,Ford,Ranger,2006,165000000,189000,Dầu,Tp.Hcm,Đỏ,Đỏ,chotot,https://www.chotot.com/129935703.htm,2026-01-09
289,Ford,Laser,2005,85000000,210000,Xăng,Khác,Be,Khác,otocomvn,https://oto.com.vn/mua-ban-xe-ford-laser-phu-tho/chat-xe-lanh-ben-it-hong-vat-than-vo-chac-nich-aidxc22765272,2026-01-09
290,Ford,Laser,2005,120000000,150000,Điện,Tp.Hcm,Đen,Đen,chotot,https://www.chotot.com/122743093.htm,2026-01-09
291,Toyota,Corolla Altis,2004,135000000,230000,Xăng,Khác,Be,Khác,otocomvn,https://oto.com.vn/mua-ban-xe-toyota-corolla-altis-phu-tho/may-so-ngon-dong-co-lanh-ben-it-hong-vat-aid1xc22746470,2026-01-09
292,Toyota,Hiace,2002,58000000,130000,Xăng,Hà Nội,Unknown,Khác,otocomvn,https://oto.com.vn/mua-ban-xe-toyota-hiace-ha-noi/gia-dinh-ban-aidxc23400007,2026-01-09
293,Toyota,Corolla Altis,2002,125000000,105000,Xăng,Khác,Trắng,Trắng,otocomvn,https://oto.com.vn/mua-ban-xe-toyota-corolla-altis-phu-tho/may-so-ngon-xe-di-lanh-ben-trang-bi-noi-that-day-du-man-android-aid1xc22751923,2026-01-09
294,Toyota,Cressida,1996,60000000,50000,Điện,Hà Nội,Đỏ,Đỏ,chotot,https://www.chotot.com/130180488.htm,2026-01-09
